GroupName,ProductId
Cap Vols,EUCF101 Curncy
Cap Vols,EUCF1010 Curncy
Cap Vols,EUCF1012 Curncy
Cap Vols,EUCF1015 Curncy
Cap Vols,EUCF102 Curncy
Cap Vols,EUCF1020 Curncy
Cap Vols,EUCF103 Curncy
Cap Vols,EUCF104 Curncy
Cap Vols,EUCF105 Curncy
Cap Vols,EUCF106 Curncy
Cap Vols,EUCF107 Curncy
Cap Vols,EUCF108 Curncy
Cap Vols,EUCF109 Curncy
Cap Vols,EUCF1710 Curncy
Cap Vols,EUCF1712 Curncy
Cap Vols,EUCF1715 Curncy
Cap Vols,EUCF1720 Curncy
Cap Vols,EUCF1751 Curncy
Cap Vols,EUCF1752 Curncy
Cap Vols,EUCF1753 Curncy
Cap Vols,EUCF1754 Curncy
Cap Vols,EUCF1755 Curncy
Cap Vols,EUCF1756 Curncy
Cap Vols,EUCF1757 Curncy
Cap Vols,EUCF1758 Curncy
Cap Vols,EUCF1759 Curncy
Cap Vols,EUCF201 Curncy
Cap Vols,EUCF2010 Curncy
Cap Vols,EUCF2012 Curncy
Cap Vols,EUCF2015 Curncy
Cap Vols,EUCF202 Curncy
Cap Vols,EUCF2020 Curncy
Cap Vols,EUCF203 Curncy
Cap Vols,EUCF204 Curncy
Cap Vols,EUCF205 Curncy
Cap Vols,EUCF206 Curncy
Cap Vols,EUCF207 Curncy
Cap Vols,EUCF208 Curncy
Cap Vols,EUCF209 Curncy
Cap Vols,EUCF2210 Curncy
Cap Vols,EUCF2212 Curncy
Cap Vols,EUCF2215 Curncy
Cap Vols,EUCF2220 Curncy
Cap Vols,EUCF2251 Curncy
Cap Vols,EUCF2252 Curncy
Cap Vols,EUCF2253 Curncy
Cap Vols,EUCF2254 Curncy
Cap Vols,EUCF2255 Curncy
Cap Vols,EUCF2256 Curncy
Cap Vols,EUCF2257 Curncy
Cap Vols,EUCF2258 Curncy
Cap Vols,EUCF2259 Curncy
Cap Vols,EUCF251 Curncy
Cap Vols,EUCF2510 Curncy
Cap Vols,EUCF2512 Curncy
Cap Vols,EUCF2515 Curncy
Cap Vols,EUCF252 Curncy
Cap Vols,EUCF2520 Curncy
Cap Vols,EUCF253 Curncy
Cap Vols,EUCF254 Curncy
Cap Vols,EUCF255 Curncy
Cap Vols,EUCF256 Curncy
Cap Vols,EUCF257 Curncy
Cap Vols,EUCF258 Curncy
Cap Vols,EUCF259 Curncy
Cap Vols,EUCF301 Curncy
Cap Vols,EUCF3010 Curncy
Cap Vols,EUCF3012 Curncy
Cap Vols,EUCF3015 Curncy
Cap Vols,EUCF302 Curncy
Cap Vols,EUCF3020 Curncy
Cap Vols,EUCF303 Curncy
Cap Vols,EUCF304 Curncy
Cap Vols,EUCF305 Curncy
Cap Vols,EUCF306 Curncy
Cap Vols,EUCF307 Curncy
Cap Vols,EUCF308 Curncy
Cap Vols,EUCF309 Curncy
Cap Vols,EUCF351 Curncy
Cap Vols,EUCF3510 Curncy
Cap Vols,EUCF3512 Curncy
Cap Vols,EUCF3515 Curncy
Cap Vols,EUCF352 Curncy
Cap Vols,EUCF3520 Curncy
Cap Vols,EUCF353 Curncy
Cap Vols,EUCF354 Curncy
Cap Vols,EUCF355 Curncy
Cap Vols,EUCF356 Curncy
Cap Vols,EUCF357 Curncy
Cap Vols,EUCF358 Curncy
Cap Vols,EUCF359 Curncy
Cap Vols,EUCF401 Curncy
Cap Vols,EUCF4010 Curncy
Cap Vols,EUCF4012 Curncy
Cap Vols,EUCF4015 Curncy
Cap Vols,EUCF402 Curncy
Cap Vols,EUCF4020 Curncy
Cap Vols,EUCF403 Curncy
Cap Vols,EUCF404 Curncy
Cap Vols,EUCF405 Curncy
Cap Vols,EUCF406 Curncy
Cap Vols,EUCF407 Curncy
Cap Vols,EUCF408 Curncy
Cap Vols,EUCF409 Curncy
Cap Vols,EUCF501 Curncy
Cap Vols,EUCF5010 Curncy
Cap Vols,EUCF5012 Curncy
Cap Vols,EUCF5015 Curncy
Cap Vols,EUCF502 Curncy
Cap Vols,EUCF5020 Curncy
Cap Vols,EUCF503 Curncy
Cap Vols,EUCF504 Curncy
Cap Vols,EUCF505 Curncy
Cap Vols,EUCF506 Curncy
Cap Vols,EUCF507 Curncy
Cap Vols,EUCF508 Curncy
Cap Vols,EUCF509 Curncy
Cap Vols,EUCF601 Curncy
Cap Vols,EUCF6010 Curncy
Cap Vols,EUCF6012 Curncy
Cap Vols,EUCF6015 Curncy
Cap Vols,EUCF602 Curncy
Cap Vols,EUCF6020 Curncy
Cap Vols,EUCF603 Curncy
Cap Vols,EUCF604 Curncy
Cap Vols,EUCF605 Curncy
Cap Vols,EUCF606 Curncy
Cap Vols,EUCF607 Curncy
Cap Vols,EUCF608 Curncy
Cap Vols,EUCF609 Curncy
Cap Vols,EUCF701 Curncy
Cap Vols,EUCF7010 Curncy
Cap Vols,EUCF7012 Curncy
Cap Vols,EUCF7015 Curncy
Cap Vols,EUCF702 Curncy
Cap Vols,EUCF7020 Curncy
Cap Vols,EUCF703 Curncy
Cap Vols,EUCF704 Curncy
Cap Vols,EUCF705 Curncy
Cap Vols,EUCF706 Curncy
Cap Vols,EUCF707 Curncy
Cap Vols,EUCF708 Curncy
Cap Vols,EUCF709 Curncy
Cap Vols,EUCF801 Curncy
Cap Vols,EUCF8010 Curncy
Cap Vols,EUCF8012 Curncy
Cap Vols,EUCF8015 Curncy
Cap Vols,EUCF802 Curncy
Cap Vols,EUCF8020 Curncy
Cap Vols,EUCF803 Curncy
Cap Vols,EUCF804 Curncy
Cap Vols,EUCF805 Curncy
Cap Vols,EUCF806 Curncy
Cap Vols,EUCF807 Curncy
Cap Vols,EUCF808 Curncy
Cap Vols,EUCF809 Curncy
Cap Vols,EUCF901 Curncy
Cap Vols,EUCF9010 Curncy
Cap Vols,EUCF9012 Curncy
Cap Vols,EUCF9015 Curncy
Cap Vols,EUCF902 Curncy
Cap Vols,EUCF9020 Curncy
Cap Vols,EUCF903 Curncy
Cap Vols,EUCF904 Curncy
Cap Vols,EUCF905 Curncy
Cap Vols,EUCF906 Curncy
Cap Vols,EUCF907 Curncy
Cap Vols,EUCF908 Curncy
Euribor Futures,ER1 Comdty
Euribor Futures,ER10 Comdty
Euribor Futures,ER11 Comdty
Euribor Futures,ER12 Comdty
Euribor Futures,ER2 Comdty
Euribor Futures,ER3 Comdty
Euribor Futures,ER4 Comdty
Euribor Futures,ER5 Comdty
Euribor Futures,ER6 Comdty
Euribor Futures,ER7 Comdty
Euribor Futures,ER8 Comdty
Euribor Futures,ER9 Comdty
Generic Gov Yields,G0014Z 10Y BLC2 Curncy
Generic Gov Yields,G0014Z 15Y BLC2 Curncy
Generic Gov Yields,G0014Z 1Y BLC2 Curncy
Generic Gov Yields,G0014Z 20Y BLC2 Curncy
Generic Gov Yields,G0014Z 2Y BLC2 Curncy
Generic Gov Yields,G0014Z 30Y BLC2 Curncy
Generic Gov Yields,G0014Z 3Y BLC2 Curncy
Generic Gov Yields,G0014Z 4Y BLC2 Curncy
Generic Gov Yields,G0014Z 5Y BLC2 Curncy
Generic Gov Yields,G0014Z 6Y BLC2 Curncy
Generic Gov Yields,G0014Z 7Y BLC2 Curncy
Generic Gov Yields,G0014Z 8Y BLC2 Curncy
Generic Gov Yields,G0014Z 9Y BLC2 Curncy
Generic Gov Yields,G0016Z 10Y BLC2 Curncy
Generic Gov Yields,G0016Z 15Y BLC2 Curncy
Generic Gov Yields,G0016Z 1Y BLC2 Curncy
Generic Gov Yields,G0016Z 20Y BLC2 Curncy
Generic Gov Yields,G0016Z 2Y BLC2 Curncy
Generic Gov Yields,G0016Z 30Y BLC2 Curncy
Generic Gov Yields,G0016Z 3Y BLC2 Curncy
Generic Gov Yields,G0016Z 4Y BLC2 Curncy
Generic Gov Yields,G0016Z 5Y BLC2 Curncy
Generic Gov Yields,G0016Z 6Y BLC2 Curncy
Generic Gov Yields,G0016Z 7Y BLC2 Curncy
Generic Gov Yields,G0016Z 8Y BLC2 Curncy
Generic Gov Yields,G0016Z 9Y BLC2 Curncy
Generic Gov Yields,G0020Z 10Y BLC2 Curncy
Generic Gov Yields,G0020Z 15Y BLC2 Curncy
Generic Gov Yields,G0020Z 1Y BLC2 Curncy
Generic Gov Yields,G0020Z 20Y BLC2 Curncy
Generic Gov Yields,G0020Z 2Y BLC2 Curncy
Generic Gov Yields,G0020Z 30Y BLC2 Curncy
Generic Gov Yields,G0020Z 3Y BLC2 Curncy
Generic Gov Yields,G0020Z 4Y BLC2 Curncy
Generic Gov Yields,G0020Z 5Y BLC2 Curncy
Generic Gov Yields,G0020Z 6Y BLC2 Curncy
Generic Gov Yields,G0020Z 7Y BLC2 Curncy
Generic Gov Yields,G0020Z 8Y BLC2 Curncy
Generic Gov Yields,G0020Z 9Y BLC2 Curncy
Generic Gov Yields,G0040Z 10Y BLC2 Curncy
Generic Gov Yields,G0040Z 15Y BLC2 Curncy
Generic Gov Yields,G0040Z 1Y BLC2 Curncy
Generic Gov Yields,G0040Z 20Y BLC2 Curncy
Generic Gov Yields,G0040Z 2Y BLC2 Curncy
Generic Gov Yields,G0040Z 30Y BLC2 Curncy
Generic Gov Yields,G0040Z 3Y BLC2 Curncy
Generic Gov Yields,G0040Z 4Y BLC2 Curncy
Generic Gov Yields,G0040Z 5Y BLC2 Curncy
Generic Gov Yields,G0040Z 6Y BLC2 Curncy
Generic Gov Yields,G0040Z 7Y BLC2 Curncy
Generic Gov Yields,G0040Z 8Y BLC2 Curncy
Generic Gov Yields,G0040Z 9Y BLC2 Curncy
Generic Gov Yields,G0061Z 10Y BLC2 Curncy
Generic Gov Yields,G0061Z 15Y BLC2 Curncy
Generic Gov Yields,G0061Z 1Y BLC2 Curncy
Generic Gov Yields,G0061Z 20Y BLC2 Curncy
Generic Gov Yields,G0061Z 2Y BLC2 Curncy
Generic Gov Yields,G0061Z 30Y BLC2 Curncy
Generic Gov Yields,G0061Z 3Y BLC2 Curncy
Generic Gov Yields,G0061Z 4Y BLC2 Curncy
Generic Gov Yields,G0061Z 5Y BLC2 Curncy
Generic Gov Yields,G0061Z 6Y BLC2 Curncy
Generic Gov Yields,G0061Z 7Y BLC2 Curncy
Generic Gov Yields,G0061Z 8Y BLC2 Curncy
Generic Gov Yields,G0061Z 9Y BLC2 Curncy
Generic Gov Yields,G0177Z 10Y BLC2 Curncy
Generic Gov Yields,G0177Z 15Y BLC2 Curncy
Generic Gov Yields,G0177Z 1Y BLC2 Curncy
Generic Gov Yields,G0177Z 20Y BLC2 Curncy
Generic Gov Yields,G0177Z 2Y BLC2 Curncy
Generic Gov Yields,G0177Z 30Y BLC2 Curncy
Generic Gov Yields,G0177Z 3Y BLC2 Curncy
Generic Gov Yields,G0177Z 4Y BLC2 Curncy
Generic Gov Yields,G0177Z 5Y BLC2 Curncy
Generic Gov Yields,G0177Z 6Y BLC2 Curncy
Generic Gov Yields,G0177Z 7Y BLC2 Curncy
Generic Gov Yields,G0177Z 8Y BLC2 Curncy
Generic Gov Yields,G0177Z 9Y BLC2 Curncy
Eonia,EUSWE1 Curncy
Eonia,EUSWE10 Curncy
Eonia,EUSWE11 Curncy
Eonia,EUSWE12 Curncy
Eonia,EUSWE15 Curncy
Eonia,EUSWE1F Curncy
Eonia,EUSWE1Z Curncy
Eonia,EUSWE2 Curncy
Eonia,EUSWE20 Curncy
Eonia,EUSWE25 Curncy
Eonia,EUSWE2F Curncy
Eonia,EUSWE2Z Curncy
Eonia,EUSWE3 Curncy
Eonia,EUSWE30 Curncy
Eonia,EUSWE35 Curncy
Eonia,EUSWE4 Curncy
Eonia,EUSWE40 Curncy
Eonia,EUSWE5 Curncy
Eonia,EUSWE50 Curncy
Eonia,EUSWE6 Curncy
Eonia,EUSWE7 Curncy
Eonia,EUSWE8 Curncy
Eonia,EUSWE9 Curncy
Eonia,EUSWEA Curncy
Eonia,EUSWEB Curncy
Eonia,EUSWEC Curncy
Eonia,EUSWED Curncy
Eonia,EUSWEE Curncy
Eonia,EUSWEF Curncy
Eonia,EUSWEG Curncy
Eonia,EUSWEH Curncy
Eonia,EUSWEI Curncy
Eonia,EUSWEJ Curncy
Eonia,EUSWEK Curncy
Euribor 6M,EUR006M Index
Euribor 6M,EUSA1 Curncy
Euribor 6M,EUSA10 Curncy
Euribor 6M,EUSA11 Curncy
Euribor 6M,EUSA12 Curncy
Euribor 6M,EUSA13 Curncy
Euribor 6M,EUSA14 Curncy
Euribor 6M,EUSA15 Curncy
Euribor 6M,EUSA16 Curncy
Euribor 6M,EUSA17 Curncy
Euribor 6M,EUSA18 Curncy
Euribor 6M,EUSA19 Curncy
Euribor 6M,EUSA2 Curncy
Euribor 6M,EUSA20 Curncy
Euribor 6M,EUSA25 Curncy
Euribor 6M,EUSA3 Curncy
Euribor 6M,EUSA30 Curncy
Euribor 6M,EUSA35 Curncy
Euribor 6M,EUSA4 Curncy
Euribor 6M,EUSA40 Curncy
Euribor 6M,EUSA45 Curncy
Euribor 6M,EUSA5 Curncy
Euribor 6M,EUSA50 Curncy
Euribor 6M,EUSA6 Curncy
Euribor 6M,EUSA7 Curncy
Euribor 6M,EUSA8 Curncy
Euribor 6M,EUSA9 Curncy
Eonia,EONIA Index
Swaption Vols,EUSN011 Curncy
Swaption Vols,EUSN0110 Curncy
Swaption Vols,EUSN0115 Curncy
Swaption Vols,EUSN012 Curncy
Swaption Vols,EUSN0120 Curncy
Swaption Vols,EUSN0125 Curncy
Swaption Vols,EUSN013 Curncy
Swaption Vols,EUSN0130 Curncy
Swaption Vols,EUSN014 Curncy
Swaption Vols,EUSN015 Curncy
Swaption Vols,EUSN016 Curncy
Swaption Vols,EUSN017 Curncy
Swaption Vols,EUSN018 Curncy
Swaption Vols,EUSN019 Curncy
Swaption Vols,EUSN021 Curncy
Swaption Vols,EUSN0210 Curncy
Swaption Vols,EUSN0215 Curncy
Swaption Vols,EUSN022 Curncy
Swaption Vols,EUSN0220 Curncy
Swaption Vols,EUSN0225 Curncy
Swaption Vols,EUSN023 Curncy
Swaption Vols,EUSN0230 Curncy
Swaption Vols,EUSN024 Curncy
Swaption Vols,EUSN025 Curncy
Swaption Vols,EUSN026 Curncy
Swaption Vols,EUSN027 Curncy
Swaption Vols,EUSN028 Curncy
Swaption Vols,EUSN029 Curncy
Swaption Vols,EUSN031 Curncy
Swaption Vols,EUSN0310 Curncy
Swaption Vols,EUSN0315 Curncy
Swaption Vols,EUSN032 Curncy
Swaption Vols,EUSN0320 Curncy
Swaption Vols,EUSN0325 Curncy
Swaption Vols,EUSN033 Curncy
Swaption Vols,EUSN0330 Curncy
Swaption Vols,EUSN034 Curncy
Swaption Vols,EUSN035 Curncy
Swaption Vols,EUSN036 Curncy
Swaption Vols,EUSN037 Curncy
Swaption Vols,EUSN038 Curncy
Swaption Vols,EUSN039 Curncy
Swaption Vols,EUSN041 Curncy
Swaption Vols,EUSN0410 Curncy
Swaption Vols,EUSN0415 Curncy
Swaption Vols,EUSN042 Curncy
Swaption Vols,EUSN0420 Curncy
Swaption Vols,EUSN0425 Curncy
Swaption Vols,EUSN043 Curncy
Swaption Vols,EUSN0430 Curncy
Swaption Vols,EUSN044 Curncy
Swaption Vols,EUSN045 Curncy
Swaption Vols,EUSN046 Curncy
Swaption Vols,EUSN047 Curncy
Swaption Vols,EUSN048 Curncy
Swaption Vols,EUSN049 Curncy
Swaption Vols,EUSN051 Curncy
Swaption Vols,EUSN0510 Curncy
Swaption Vols,EUSN0515 Curncy
Swaption Vols,EUSN052 Curncy
Swaption Vols,EUSN0520 Curncy
Swaption Vols,EUSN0525 Curncy
Swaption Vols,EUSN053 Curncy
Swaption Vols,EUSN0530 Curncy
Swaption Vols,EUSN054 Curncy
Swaption Vols,EUSN055 Curncy
Swaption Vols,EUSN056 Curncy
Swaption Vols,EUSN057 Curncy
Swaption Vols,EUSN058 Curncy
Swaption Vols,EUSN059 Curncy
Swaption Vols,EUSN071 Curncy
Swaption Vols,EUSN0710 Curncy
Swaption Vols,EUSN0715 Curncy
Swaption Vols,EUSN072 Curncy
Swaption Vols,EUSN0720 Curncy
Swaption Vols,EUSN0725 Curncy
Swaption Vols,EUSN073 Curncy
Swaption Vols,EUSN0730 Curncy
Swaption Vols,EUSN074 Curncy
Swaption Vols,EUSN075 Curncy
Swaption Vols,EUSN076 Curncy
Swaption Vols,EUSN077 Curncy
Swaption Vols,EUSN078 Curncy
Swaption Vols,EUSN079 Curncy
Swaption Vols,EUSN0A1 Curncy
Swaption Vols,EUSN0A10 Curncy
Swaption Vols,EUSN0A15 Curncy
Swaption Vols,EUSN0A2 Curncy
Swaption Vols,EUSN0A20 Curncy
Swaption Vols,EUSN0A25 Curncy
Swaption Vols,EUSN0A3 Curncy
Swaption Vols,EUSN0A30 Curncy
Swaption Vols,EUSN0A4 Curncy
Swaption Vols,EUSN0A5 Curncy
Swaption Vols,EUSN0A6 Curncy
Swaption Vols,EUSN0A7 Curncy
Swaption Vols,EUSN0A8 Curncy
Swaption Vols,EUSN0A9 Curncy
Swaption Vols,EUSN0C1 Curncy
Swaption Vols,EUSN0C10 Curncy
Swaption Vols,EUSN0C15 Curncy
Swaption Vols,EUSN0C2 Curncy
Swaption Vols,EUSN0C20 Curncy
Swaption Vols,EUSN0C25 Curncy
Swaption Vols,EUSN0C3 Curncy
Swaption Vols,EUSN0C30 Curncy
Swaption Vols,EUSN0C4 Curncy
Swaption Vols,EUSN0C5 Curncy
Swaption Vols,EUSN0C6 Curncy
Swaption Vols,EUSN0C7 Curncy
Swaption Vols,EUSN0C8 Curncy
Swaption Vols,EUSN0C9 Curncy
Swaption Vols,EUSN0F1 Curncy
Swaption Vols,EUSN0F10 Curncy
Swaption Vols,EUSN0F15 Curncy
Swaption Vols,EUSN0F2 Curncy
Swaption Vols,EUSN0F20 Curncy
Swaption Vols,EUSN0F25 Curncy
Swaption Vols,EUSN0F3 Curncy
Swaption Vols,EUSN0F30 Curncy
Swaption Vols,EUSN0F4 Curncy
Swaption Vols,EUSN0F5 Curncy
Swaption Vols,EUSN0F6 Curncy
Swaption Vols,EUSN0F7 Curncy
Swaption Vols,EUSN0F8 Curncy
Swaption Vols,EUSN0F9 Curncy
Swaption Vols,EUSN101 Curncy
Swaption Vols,EUSN1010 Curncy
Swaption Vols,EUSN1015 Curncy
Swaption Vols,EUSN102 Curncy
Swaption Vols,EUSN1020 Curncy
Swaption Vols,EUSN1025 Curncy
Swaption Vols,EUSN103 Curncy
Swaption Vols,EUSN1030 Curncy
Swaption Vols,EUSN104 Curncy
Swaption Vols,EUSN105 Curncy
Swaption Vols,EUSN106 Curncy
Swaption Vols,EUSN107 Curncy
Swaption Vols,EUSN108 Curncy
Swaption Vols,EUSN109 Curncy
Swaption Vols,EUSN151 Curncy
Swaption Vols,EUSN1510 Curncy
Swaption Vols,EUSN1515 Curncy
Swaption Vols,EUSN152 Curncy
Swaption Vols,EUSN1520 Curncy
Swaption Vols,EUSN1525 Curncy
Swaption Vols,EUSN153 Curncy
Swaption Vols,EUSN1530 Curncy
Swaption Vols,EUSN154 Curncy
Swaption Vols,EUSN155 Curncy
Swaption Vols,EUSN156 Curncy
Swaption Vols,EUSN157 Curncy
Swaption Vols,EUSN158 Curncy
Swaption Vols,EUSN159 Curncy
Swaption Vols,EUSN201 Curncy
Swaption Vols,EUSN2010 Curncy
Swaption Vols,EUSN2015 Curncy
Swaption Vols,EUSN202 Curncy
Swaption Vols,EUSN2020 Curncy
Swaption Vols,EUSN2025 Curncy
Swaption Vols,EUSN203 Curncy
Swaption Vols,EUSN2030 Curncy
Swaption Vols,EUSN204 Curncy
Swaption Vols,EUSN205 Curncy
Swaption Vols,EUSN206 Curncy
Swaption Vols,EUSN207 Curncy
Swaption Vols,EUSN208 Curncy
Swaption Vols,EUSN209 Curncy
Swaption Vols,EUSN251 Curncy
Swaption Vols,EUSN2510 Curncy
Swaption Vols,EUSN2515 Curncy
Swaption Vols,EUSN252 Curncy
Swaption Vols,EUSN2520 Curncy
Swaption Vols,EUSN2525 Curncy
Swaption Vols,EUSN253 Curncy
Swaption Vols,EUSN2530 Curncy
Swaption Vols,EUSN254 Curncy
Swaption Vols,EUSN255 Curncy
Swaption Vols,EUSN256 Curncy
Swaption Vols,EUSN257 Curncy
Swaption Vols,EUSN258 Curncy
Swaption Vols,EUSN259 Curncy
Swaption Vols,EUSN301 Curncy
Swaption Vols,EUSN3010 Curncy
Swaption Vols,EUSN3015 Curncy
Swaption Vols,EUSN302 Curncy
Swaption Vols,EUSN3020 Curncy
Swaption Vols,EUSN3025 Curncy
Swaption Vols,EUSN303 Curncy
Swaption Vols,EUSN3030 Curncy
Swaption Vols,EUSN304 Curncy
Swaption Vols,EUSN305 Curncy
Swaption Vols,EUSN306 Curncy
Swaption Vols,EUSN307 Curncy
Swaption Vols,EUSN308 Curncy
Swaption Vols,EUSN309 Curncy
